time_0,temperatureSensor_13,temperatureSensor_6,temperatureSensor_11,temperatureSensor_14,windSensor_3,temperatureSensor_9,temperatureSensor_12,himiditySensor_1,temperatureSensor_15,temperatureSensor_0,pressureSensor_2,temperatureSensor_7,temperatureSensor_5,temperatureSensor_16,temperatureSensor_8,temperatureSensor_10,insolationSensor_4
Mon Jan 24 13:02:36 202,-61.696846,-53.267204,-122.103378,-30.477703,79.844002,-32.014271,-72.195389,96.971916,-64.318245,-30.799061,102.830994,-111.822960,-91.666115,-41.650055,-40.833378,-25.452059,91.164742
Mon Jan 24 13:02:41 202,-85.584305,-47.047363,-115.932945,-37.074833,10.880880,-34.335716,-83.916054,97.004723,-59.683449,-34.216606,96.297905,-118.911224,-91.107063,-43.938354,-35.810402,-22.248955,99.892448
Mon Jan 24 13:02:46 202,-69.487801,-33.422714,-90.077293,-31.097673,6.309584,-28.456057,-56.491463,95.100113,-46.164574,-34.679142,99.577019,-120.091980,-70.792877,-49.400021,-43.953671,-24.480093,23.827995
Mon Jan 24 13:02:51 202,-73.403786,-56.986115,-127.536186,-33.600212,88.007523,-28.613483,-64.870697,95.829872,-46.329559,-31.560694,99.401047,-124.337242,-88.080894,-47.642437,-38.435436,-16.383804,82.920113
Mon Jan 24 13:02:56 202,-46.222900,-37.489929,-138.747345,-30.497477,43.195343,-29.667099,-82.906647,99.405312,-64.444107,-34.261700,101.410805,-65.745789,-89.411392,-45.612297,-39.023449,-21.315630,61.959648
Mon Jan 24 13:03:01 202,-83.620209,-59.666359,-129.868042,-33.155548,23.226154,-35.865322,-128.612396,96.843315,-47.262028,-31.251146,97.941605,-108.214851,-90.400856,-52.365028,-43.452431,-25.091118,58.448853
Mon Jan 24 13:03:06 202,-85.305069,-48.850281,-128.226608,-33.605415,7.823214,-34.839439,-98.747292,95.674515,-59.311516,-34.532597,100.202103,-116.967728,-91.474312,-42.960308,-42.356842,-19.044039,6.990640
Mon Jan 24 13:03:11 202,-82.999596,-44.719948,-89.267403,-34.061077,81.969521,-36.513481,-39.378708,96.958450,-40.771912,-34.184341,104.130264,-80.257584,-82.082901,-40.564865,-30.033016,-17.589203,35.909538
Mon Jan 24 13:03:16 202,-83.119583,-59.261120,-129.120361,-31.267286,98.359573,-31.339809,-114.824707,98.719055,-61.593201,-30.102829,104.033661,-118.001183,-83.574020,-36.332077,-33.782860,-34.291580,66.688034
Mon Jan 24 13:03:21 202,-68.858871,-31.948868,-122.351257,-34.893139,11.328055,-34.917149,-59.352734,97.730537,-66.086899,-33.599789,102.192688,-80.091759,-81.001419,-47.936626,-40.068344,-33.516781,47.148342
Mon Jan 24 13:03:26 202,-44.492901,-43.681293,-102.992386,-33.781773,63.764019,-32.653446,-103.799942,98.479919,-36.307659,-32.930080,101.739365,-97.715790,-92.015190,-39.654686,-34.867859,-25.361282,34.711586
Mon Jan 24 13:03:31 202,-39.874493,-53.462528,-136.765656,-38.887245,28.877777,-36.211208,-101.437363,97.966057,-46.571228,-32.116547,101.665565,-53.975098,-89.213753,-34.328373,-37.013386,-29.790062,77.576729
Mon Jan 24 13:03:36 202,-75.262222,-33.162498,-125.461365,-30.569489,54.804207,-30.708321,-73.928711,96.017738,-64.320732,-30.690414,102.936569,-122.397896,-72.566818,-44.538979,-33.526928,-32.577137,29.728846
Mon Jan 24 13:03:41 202,-42.231026,-60.161655,-125.366531,-33.968910,22.196554,-34.380520,-105.207077,98.621262,-50.757496,-30.809332,96.782074,-71.044266,-93.726013,-48.179054,-37.560341,-31.391575,49.852547
Mon Jan 24 13:03:46 202,-38.772339,-44.575039,-100.275459,-38.921516,9.114858,-31.070518,-52.761929,96.441345,-55.710636,-33.182007,98.313858,-61.546135,-71.768646,-41.166321,-39.085091,-22.822342,42.732773
Mon Jan 24 13:03:51 202,-51.952702,-37.585129,-108.268913,-32.706398,13.607462,-33.164207,-61.233757,96.691216,-55.436935,-30.075777,103.975601,-112.438622,-96.853966,-48.832760,-36.636589,-18.401218,41.078793
Mon Jan 24 13:03:56 202,-54.910591,-40.777325,-90.541252,-36.982368,5.342229,-32.734955,-48.059898,95.658508,-56.027840,-30.954523,95.515083,-79.256027,-75.916557,-52.498665,-41.836758,-17.696377,45.771561
Mon Jan 24 13:04:01 202,-66.002205,-36.063072,-116.019081,-37.663437,16.964951,-35.471619,-95.322212,95.494186,-61.553864,-34.649548,104.237274,-64.082870,-90.911743,-47.498947,-37.851231,-22.805418,48.173336
Mon Jan 24 13:04:06 202,-66.846985,-56.915142,-98.039551,-38.902672,40.118767,-29.475067,-57.019875,98.597305,-56.587368,-31.088688,97.003525,-73.574829,-85.281769,-43.810234,-35.610538,-28.836868,31.565804
Mon Jan 24 13:04:11 202,-77.108841,-46.851982,-139.255859,-33.021519,84.390961,-31.153069,-101.424759,95.030022,-44.982414,-31.770555,100.329597,-75.070908,-79.647301,-47.394760,-41.093327,-23.953672,61.844677
Mon Jan 24 13:04:16 202,-35.296875,-42.134327,-118.502029,-36.947613,34.135445,-31.429375,-39.102417,99.287773,-43.370251,-31.723160,96.811615,-66.322952,-73.266747,-36.414703,-42.185753,-20.993977,66.734055
Mon Jan 24 13:04:21 202,-83.489197,-36.505146,-117.296432,-37.668812,55.256844,-30.645399,-106.245300,99.667099,-64.650421,-32.242786,99.944069,-94.449722,-75.409561,-41.198780,-39.082180,-17.621519,93.912918
Mon Jan 24 13:04:26 202,-43.681641,-46.150520,-120.658348,-32.045097,61.198074,-29.845810,-81.821342,98.322075,-62.682735,-30.634893,99.124825,-49.834194,-79.568756,-42.840549,-33.368679,-29.744308,59.689903
Mon Jan 24 13:04:31 202,-58.510365,-44.606121,-107.694847,-38.560181,71.759674,-36.563503,-97.026733,97.033836,-48.218491,-33.764839,95.174568,-79.674255,-75.050430,-44.975410,-37.344765,-18.712971,57.372116
Mon Jan 24 13:04:36 202,-79.230499,-31.756287,-112.308281,-30.473377,53.674252,-28.688385,-78.909119,98.835068,-65.365143,-30.504570,98.335693,-81.616859,-84.106117,-36.429325,-35.546352,-20.241230,21.913607
Mon Jan 24 13:04:41 202,-63.831306,-34.709827,-108.740349,-33.778336,91.652267,-28.328457,-90.031387,96.800522,-41.112885,-32.610195,101.538803,-45.977768,-80.623360,-47.155327,-33.575813,-28.363085,21.069155
Mon Jan 24 13:04:46 202,-83.031998,-42.634678,-105.286636,-33.985733,44.798153,-34.816368,-39.825684,99.666367,-59.661949,-30.564014,96.730644,-131.568146,-75.528755,-51.737938,-36.545738,-34.621784,48.772068
Mon Jan 24 13:04:51 202,-83.076050,-31.857635,-121.768478,-38.159336,17.623878,-35.899067,-104.398636,96.014885,-44.033081,-34.164173,101.261253,-36.386627,-90.856102,-51.622688,-30.800392,-17.686420,12.666924
Mon Jan 24 13:04:56 202,-82.444305,-63.751675,-102.297462,-34.338356,75.338272,-32.532120,-61.210255,97.159218,-41.102695,-34.826420,103.139038,-87.354836,-70.054810,-50.780117,-39.093807,-26.268303,35.638302
Mon Jan 24 13:05:01 202,-51.272865,-56.454800,-125.233383,-32.475212,5.343940,-29.770027,-121.281029,95.945320,-44.533863,-30.953146,100.911102,-48.617050,-92.753571,-42.628510,-33.499481,-21.025740,10.145415
Mon Jan 24 13:05:06 202,-83.155510,-32.396866,-113.104927,-34.734776,63.358486,-35.480465,-113.214958,96.126175,-53.632004,-31.353012,97.641716,-69.754593,-96.550438,-50.680000,-36.194832,-23.308296,53.817528
Mon Jan 24 13:05:11 202,-70.545853,-56.242638,-129.793304,-39.838226,66.796021,-34.003971,-62.488163,98.003815,-62.043930,-30.737944,98.214775,-60.622787,-74.103996,-53.462051,-34.452206,-30.709520,52.683022
Mon Jan 24 13:05:16 202,-60.337219,-32.681675,-86.407928,-37.071144,7.825788,-33.760521,-39.461933,97.537048,-57.664398,-30.899269,99.674706,-39.339470,-83.941498,-53.227367,-39.840607,-34.121693,19.098354
Mon Jan 24 13:05:21 202,-73.296021,-36.659004,-85.411827,-32.562729,10.148032,-30.184464,-91.653748,98.938210,-64.522308,-34.517979,104.464355,-44.504276,-90.538338,-39.318665,-37.860790,-19.449902,27.489653
Mon Jan 24 13:05:26 202,-51.847130,-44.614265,-110.629486,-33.995079,65.987762,-30.767830,-98.516609,96.889984,-39.159233,-34.593674,96.369560,-56.086315,-73.221558,-40.965164,-39.876904,-25.869717,11.445903
Mon Jan 24 13:05:31 202,-57.555435,-33.142071,-94.449554,-39.945652,78.025047,-35.095909,-67.050461,97.309746,-55.793167,-34.368889,95.841843,-121.719734,-78.513725,-53.683846,-39.010502,-25.947002,78.593231
Mon Jan 24 13:05:36 202,-65.039268,-38.845299,-108.990288,-30.784491,9.749057,-30.696943,-113.840752,96.871002,-42.095222,-31.053782,98.818878,-128.418121,-86.542290,-37.165298,-35.423859,-24.211731,80.795929
Mon Jan 24 13:05:41 202,-42.484962,-33.904850,-120.382690,-38.041019,66.670708,-36.734715,-51.649071,98.676559,-59.877129,-30.778593,96.840256,-45.223328,-94.149437,-44.924683,-34.922386,-19.881090,31.298954
Mon Jan 24 13:05:46 202,-68.515030,-44.335751,-102.381477,-31.265862,81.299683,-28.572857,-90.051666,98.146797,-42.451141,-31.630020,103.325546,-96.758224,-96.231781,-38.960960,-33.323059,-32.157627,77.330093
Mon Jan 24 13:05:51 202,-80.210869,-44.012444,-90.940453,-33.923996,36.679634,-33.591606,-68.639740,98.748596,-38.333572,-30.971054,98.987755,-41.823483,-89.650887,-36.067478,-38.354362,-22.049555,39.423874
Mon Jan 24 13:05:56 202,-59.968086,-54.893692,-92.438713,-35.141342,18.457743,-31.809511,-107.199326,95.666939,-41.159546,-30.705669,97.931717,-115.861679,-72.679161,-41.339695,-41.308933,-28.976624,0.282779
Mon Jan 24 13:06:01 202,-78.084412,-52.848129,-124.406586,-31.076763,15.471050,-28.052235,-81.390961,95.967461,-57.780991,-32.973663,103.379860,-88.251419,-88.256004,-45.397968,-41.891151,-24.277708,67.364815
Mon Jan 24 13:06:06 202,-53.164852,-46.755875,-123.532112,-34.856483,80.935478,-33.003124,-58.943096,95.252335,-48.645172,-33.282398,95.943199,-63.427994,-70.360619,-51.217136,-34.599445,-30.272804,87.901260
Mon Jan 24 13:06:11 202,-80.192657,-31.443630,-142.093948,-38.406757,53.234188,-36.069489,-48.940243,96.978424,-60.683319,-33.434067,99.556900,-43.852829,-70.808861,-54.569324,-38.601681,-22.991890,74.500832
Mon Jan 24 13:06:16 202,-58.916698,-48.369263,-112.227844,-33.981731,67.256012,-31.394878,-76.217003,96.011162,-61.737041,-32.183365,103.032265,-73.450897,-71.011124,-47.477058,-33.324142,-33.527245,7.132201
Mon Jan 24 13:06:21 202,-35.245777,-34.479004,-142.135284,-38.117519,3.649588,-36.193104,-85.300705,96.309433,-44.190063,-31.862411,102.486786,-63.514919,-87.536362,-43.392509,-31.069836,-18.581488,72.182243
Mon Jan 24 13:06:26 202,-50.134964,-58.815487,-100.612808,-38.139713,88.951088,-28.671225,-111.893173,95.034767,-58.350449,-33.096439,101.980965,-98.919853,-73.068703,-51.887165,-39.544086,-33.014297,1.168069
Mon Jan 24 13:06:31 202,-58.984985,-32.891182,-135.786270,-31.431744,18.769316,-35.983799,-88.666382,99.780556,-64.104385,-33.066654,96.741356,-97.787987,-87.275566,-47.290512,-41.655331,-25.946377,24.716787
Mon Jan 24 13:06:36 202,-70.116646,-56.476532,-137.825867,-32.760246,33.401577,-30.756771,-60.968758,95.883286,-49.860573,-31.058844,98.251770,-37.457550,-92.085922,-52.099613,-35.707954,-24.597633,63.790619
Mon Jan 24 13:06:41 202,-63.170639,-32.056499,-99.572395,-31.029446,47.685001,-32.225029,-59.442535,97.085869,-62.011616,-33.822823,102.394669,-123.072510,-84.487068,-41.557934,-33.822685,-24.525093,9.249373
Mon Jan 24 13:06:46 202,-86.218941,-44.549915,-123.571823,-32.012939,74.017509,-32.366360,-97.650604,96.612259,-47.469330,-32.422340,101.366562,-44.962936,-82.589783,-35.031410,-31.861019,-15.563637,86.419426
Mon Jan 24 13:06:51 202,-35.409763,-45.508232,-98.721336,-31.808983,16.724110,-35.750397,-93.337326,98.954597,-50.137455,-32.386356,96.268051,-64.143127,-72.011200,-49.792793,-33.237869,-20.894001,77.589943
Mon Jan 24 13:06:56 202,-68.573486,-35.087318,-127.883926,-38.458584,38.160255,-29.905613,-66.844864,99.297211,-37.884151,-31.077555,98.226944,-74.005035,-93.171501,-35.412960,-30.905262,-20.569201,86.732147
Mon Jan 24 13:07:01 202,-59.901192,-41.786194,-87.067299,-32.868000,57.312183,-36.715122,-97.926842,97.173698,-53.790306,-33.664330,98.140434,-121.487312,-84.359016,-48.119854,-40.383553,-29.658337,8.038404
Mon Jan 24 13:07:06 202,-74.994308,-63.756824,-143.382935,-38.555321,44.832230,-35.719395,-62.340454,97.057755,-53.056053,-30.996128,100.992905,-50.755466,-88.562752,-39.308159,-43.761345,-19.618511,89.042030
Mon Jan 24 13:07:11 202,-83.116562,-33.907814,-114.949409,-34.319241,32.409634,-28.549330,-42.647923,96.685753,-38.925251,-34.661961,96.122055,-125.704643,-90.069824,-40.967285,-39.301884,-28.193588,10.627186
Mon Jan 24 13:07:16 202,-38.508038,-59.078815,-117.933655,-32.964294,4.651267,-32.978115,-115.513176,95.219460,-42.061714,-34.967873,102.282959,-38.681759,-88.997963,-41.696033,-33.893242,-27.500509,96.920982
Mon Jan 24 13:07:21 202,-60.018456,-30.368103,-116.684784,-39.156097,76.880424,-36.980118,-74.771851,97.296822,-39.273529,-30.359999,101.917450,-88.325256,-86.326469,-45.776646,-33.946487,-19.701508,52.682697
Mon Jan 24 13:07:26 202,-36.783955,-45.289360,-118.534386,-32.253407,42.961330,-29.744663,-44.042370,97.697922,-60.353966,-34.817421,98.293419,-129.870819,-85.829239,-36.664970,-44.545139,-27.250673,2.070806
Mon Jan 24 13:07:31 202,-84.040237,-44.106674,-110.896507,-39.134037,80.464073,-32.383526,-62.831387,97.370316,-44.350639,-31.253849,103.605865,-89.488541,-79.848358,-51.328571,-38.628395,-25.043064,50.836937
Mon Jan 24 13:07:36 202,-63.403542,-43.536106,-111.124527,-34.677818,32.104671,-29.244171,-90.756607,95.150322,-66.792885,-34.704182,99.324516,-107.237663,-82.985710,-34.144684,-33.111507,-22.739086,97.314659
Mon Jan 24 13:07:41 202,-67.432465,-63.329037,-108.027046,-33.965889,5.421404,-36.812225,-89.825653,96.082283,-46.234879,-32.572701,102.938782,-117.184204,-88.195389,-47.520599,-44.246052,-25.410898,76.267876
Mon Jan 24 13:07:46 202,-63.090218,-48.526409,-105.005173,-33.770123,11.958413,-31.791677,-102.943146,95.512215,-59.093925,-32.194698,96.432243,-56.160431,-76.840851,-34.775066,-41.550243,-25.123373,72.614426
Mon Jan 24 13:07:51 202,-52.045860,-52.325989,-131.786682,-32.146538,60.917942,-30.785484,-79.644661,96.395889,-56.652107,-30.467463,95.156990,-73.043442,-79.755447,-39.436272,-33.093697,-29.477602,81.937401
Mon Jan 24 13:07:56 202,-60.399399,-54.422134,-133.727783,-32.272942,62.559635,-28.497730,-62.501377,95.244125,-36.664330,-34.105240,103.450050,-63.313835,-79.980522,-35.899899,-41.471321,-16.183260,37.663086
Mon Jan 24 13:08:01 202,-78.882469,-61.539982,-85.692970,-37.731884,4.684729,-31.515799,-91.784401,95.838242,-61.089394,-31.057049,101.411880,-118.505013,-85.824860,-45.282883,-33.603432,-31.699696,65.609840
Mon Jan 24 13:08:06 202,-51.743073,-53.566204,-87.206970,-32.648525,51.138634,-36.866737,-63.500782,99.500809,-35.928341,-30.343311,95.407562,-88.264664,-89.775681,-45.860466,-43.788071,-30.747099,74.405617
Mon Jan 24 13:08:11 202,-76.928741,-60.821743,-96.589233,-33.198299,9.036814,-33.516903,-52.639271,99.464073,-42.381676,-30.894356,97.680840,-49.613537,-96.912766,-36.028732,-35.666790,-21.323345,21.479740
Mon Jan 24 13:08:16 202,-80.791016,-42.314163,-104.696083,-38.216862,41.748940,-30.163689,-78.852692,99.310730,-36.924980,-33.661964,97.565834,-83.959732,-71.707657,-37.579056,-30.718954,-15.915358,66.846863
Mon Jan 24 13:08:21 202,-68.821899,-33.216202,-101.943680,-38.499012,84.795288,-29.367790,-114.732452,95.521652,-60.097427,-32.949944,96.181267,-60.253471,-88.996109,-51.669674,-32.107815,-25.593504,98.492744
Mon Jan 24 13:08:26 202,-43.625851,-42.935150,-94.081444,-30.232021,84.612968,-28.930435,-93.232605,97.235611,-49.574131,-34.930477,102.426224,-85.755501,-72.896523,-34.061901,-41.483379,-15.492393,9.754374
Mon Jan 24 13:08:31 202,-53.058907,-54.664173,-116.255493,-35.392319,83.986778,-28.859154,-59.268372,97.180740,-49.629459,-33.780476,101.110931,-96.593521,-81.126938,-54.264709,-38.575371,-34.387325,60.203033
Mon Jan 24 13:08:36 202,-42.498398,-39.497654,-137.275818,-39.103909,27.146786,-28.039415,-62.590569,95.601212,-57.001457,-34.756306,97.172997,-106.143433,-78.692169,-52.601456,-32.384399,-16.806290,46.752930
Mon Jan 24 13:08:41 202,-73.235962,-41.280148,-133.096619,-32.570976,99.016449,-29.851776,-119.693008,98.262939,-58.288841,-31.345362,101.138069,-119.552666,-78.007759,-37.703163,-31.731850,-33.096111,79.678818
Mon Jan 24 13:08:46 202,-73.257584,-59.943119,-91.666290,-39.243752,41.670601,-32.014679,-75.448792,95.854095,-44.122547,-32.350151,96.002762,-98.705399,-74.234161,-44.588890,-42.219528,-26.929188,90.612640
Mon Jan 24 13:08:51 202,-65.117126,-36.344940,-130.607910,-35.396904,53.363632,-34.704311,-48.164566,99.319252,-44.154381,-34.334499,98.990623,-47.954239,-84.183449,-41.444363,-42.000927,-23.468941,59.957268
Mon Jan 24 13:08:56 202,-70.805946,-53.434731,-138.732849,-38.039093,4.436185,-29.656853,-49.995888,98.863220,-45.264706,-30.281738,95.937874,-83.491943,-82.039383,-46.223110,-38.264694,-23.990122,35.181927
Mon Jan 24 13:09:01 202,-65.680618,-35.336685,-115.587692,-32.236259,52.675117,-30.760204,-73.947762,96.634338,-61.657974,-32.970413,102.437881,-130.909622,-71.623276,-40.037033,-33.656036,-26.973499,1.544387
Mon Jan 24 13:09:06 202,-39.052727,-30.407726,-100.787132,-38.827293,15.528898,-31.889648,-75.863068,97.592979,-40.163292,-31.143763,101.797882,-86.452484,-84.683609,-38.556358,-44.049107,-16.382502,10.860759
Mon Jan 24 13:09:11 202,-86.903381,-60.365993,-104.205574,-37.611267,97.104736,-30.150742,-47.637989,95.848740,-40.066105,-32.170208,99.258942,-36.893291,-82.334549,-53.703030,-32.548347,-26.022385,24.768526
Mon Jan 24 13:09:16 202,-66.586182,-43.240711,-118.436935,-30.487329,46.337814,-30.464478,-94.962120,97.000740,-49.242516,-33.157722,102.705971,-131.424835,-96.744308,-51.236416,-31.579338,-18.002880,39.828964
Mon Jan 24 13:09:21 202,-61.404289,-54.710323,-93.745903,-38.003826,84.891220,-31.419476,-110.219406,95.247368,-56.674934,-33.830280,97.440697,-37.535492,-91.725914,-42.494831,-31.801731,-18.542364,65.689972
Mon Jan 24 13:09:26 202,-41.552837,-57.788353,-129.177338,-35.987183,52.870537,-28.960136,-126.452286,96.120819,-61.908760,-31.269627,104.891342,-131.588226,-91.903702,-49.997276,-42.629772,-21.396408,73.193848
Mon Jan 24 13:09:31 202,-45.022144,-33.921242,-99.598404,-34.992935,4.706578,-33.317085,-86.287209,95.904434,-56.684959,-34.569740,99.264229,-40.297680,-74.651962,-53.910755,-42.399406,-30.305775,30.690231
Mon Jan 24 13:09:36 202,-41.223331,-39.583466,-137.114639,-38.757637,4.853174,-31.919643,-100.267517,96.794739,-62.092552,-32.355541,95.940727,-98.773270,-80.940964,-38.711029,-41.432312,-31.016001,55.168110
Mon Jan 24 13:09:41 202,-64.415405,-42.247322,-115.427040,-31.802120,80.343445,-30.544960,-84.950996,95.094940,-58.769661,-34.349174,101.261009,-101.755943,-76.740898,-52.705021,-38.252071,-18.680174,13.866736
Mon Jan 24 13:09:46 202,-52.300724,-54.580822,-118.936966,-33.926132,55.488895,-28.148527,-89.619659,97.116890,-35.195904,-34.750336,100.218346,-46.922394,-87.776199,-47.427185,-36.076683,-31.056767,98.905891
Mon Jan 24 13:09:51 202,-73.640038,-54.886520,-123.692947,-32.295933,28.283463,-29.053646,-68.593758,99.837845,-64.443001,-31.367126,99.952965,-70.020752,-94.227554,-43.952713,-40.246735,-26.112417,30.027454
Mon Jan 24 13:09:56 202,-44.315193,-54.242172,-132.241760,-34.158787,38.727268,-31.986979,-50.806103,95.142502,-49.291893,-34.689667,96.024345,-84.815262,-73.433289,-37.351402,-43.101315,-34.753975,77.157799
Mon Jan 24 13:10:01 202,-65.205322,-40.001846,-86.955742,-34.538284,26.761133,-33.436108,-93.488541,97.792366,-58.211334,-34.310631,100.260620,-114.967796,-94.025055,-52.087646,-31.788979,-16.069450,73.761139
Mon Jan 24 13:10:06 202,-43.397663,-34.143623,-96.937256,-33.662663,15.625666,-35.295387,-62.600410,97.901306,-39.482559,-32.212593,96.732285,-64.900681,-77.576202,-49.164669,-40.545296,-21.587959,16.113281
Mon Jan 24 13:10:11 202,-85.711189,-45.258541,-131.434601,-36.830551,42.396172,-36.980984,-84.175148,99.937737,-60.389130,-34.176918,104.957367,-105.652206,-80.004295,-50.595631,-43.537224,-23.663979,14.904059
Mon Jan 24 13:10:16 202,-64.389847,-34.999996,-124.525177,-36.735420,6.373265,-34.871593,-86.077995,99.466293,-54.675491,-32.163486,99.018860,-38.309067,-77.591560,-40.166058,-42.719067,-19.999458,86.847404
Mon Jan 24 13:10:21 202,-73.106552,-61.447239,-97.686974,-30.504238,48.664837,-33.177525,-54.388935,98.498016,-45.277489,-30.153461,104.910896,-118.209503,-88.426216,-50.573063,-33.624542,-33.741062,26.479254
Mon Jan 24 13:10:26 202,-52.990059,-55.866299,-90.203842,-32.197170,93.979141,-31.875187,-92.737099,99.216148,-46.164204,-31.146589,100.639145,-89.535568,-83.135750,-50.525024,-35.912243,-19.319565,57.604797
Mon Jan 24 13:10:31 202,-85.547043,-48.169159,-135.688660,-32.122673,13.199976,-35.147717,-126.248970,97.858772,-53.068169,-32.292587,101.528313,-103.839951,-85.305923,-49.196785,-35.446423,-17.806252,91.771721
Mon Jan 24 13:10:36 202,-64.080940,-54.903610,-126.937607,-35.087864,72.383797,-33.132240,-90.256912,96.754509,-41.405373,-31.174709,95.592979,-121.444183,-74.130173,-46.205513,-42.881901,-30.014654,32.295971
Mon Jan 24 13:10:41 202,-81.846558,-61.707294,-89.743927,-31.482138,89.390938,-31.122166,-88.344437,95.505264,-56.870499,-33.346767,98.942604,-77.536057,-73.092209,-50.036125,-37.168221,-24.937038,66.030243
Mon Jan 24 13:10:46 202,-75.590927,-41.921448,-129.449371,-35.958641,97.593399,-33.218037,-120.676216,99.536423,-48.429104,-32.831562,100.000648,-48.882572,-87.500015,-45.488998,-39.315510,-19.886141,80.817917
Mon Jan 24 13:10:51 202,-43.247581,-33.639095,-101.554993,-33.002163,47.636631,-30.810102,-50.414421,97.277382,-51.140778,-32.105873,97.577782,-101.975891,-79.128319,-43.046841,-40.797188,-20.303383,23.607149
Mon Jan 24 13:10:56 202,-79.336349,-59.042259,-102.573067,-35.266552,66.582184,-32.059559,-100.493286,96.040878,-65.590012,-32.298058,97.365311,-129.560822,-71.719498,-46.772377,-39.619087,-28.718914,36.678280
Mon Jan 24 13:11:01 202,-63.739971,-39.333862,-112.259964,-33.371197,77.738022,-28.510166,-61.603947,99.884674,-54.427917,-34.491852,104.049713,-71.994560,-86.785477,-42.683685,-34.288631,-34.270222,82.955696
Mon Jan 24 13:11:06 202,-46.618908,-64.220451,-127.710205,-36.169865,41.515045,-34.112289,-97.136002,97.097511,-46.294350,-34.166222,103.149818,-42.382378,-84.097725,-45.449265,-35.490181,-16.483629,97.219398
Mon Jan 24 13:11:11 202,-73.698753,-63.009583,-112.171585,-32.415092,70.392067,-30.789398,-120.541039,98.421547,-51.961388,-34.674683,97.539452,-42.450542,-79.802124,-53.814323,-36.684429,-18.093508,90.775002
Mon Jan 24 13:11:16 202,-73.644470,-34.923500,-128.939194,-33.632172,32.928513,-28.416857,-87.976624,97.410538,-37.962433,-32.833851,100.531113,-64.137772,-88.586739,-34.085850,-38.412411,-33.222729,22.631422
Mon Jan 24 13:11:21 202,-83.766968,-46.719864,-101.150131,-39.217590,42.971359,-32.789589,-128.157440,95.835526,-48.405586,-30.542456,96.636566,-69.349716,-75.388130,-49.066513,-31.139727,-18.293043,91.026733
Mon Jan 24 13:11:26 202,-48.766720,-60.406445,-108.341393,-37.976902,71.231987,-29.840164,-116.141136,95.188286,-59.695137,-31.337160,95.454544,-121.699310,-93.660233,-48.893211,-35.319229,-29.268456,97.548416
Mon Jan 24 13:11:31 202,-70.723373,-61.431641,-101.602654,-33.356838,33.023018,-35.043884,-107.200584,99.754471,-47.634933,-32.587372,102.904587,-129.820587,-70.195251,-54.361050,-31.584038,-17.265018,21.563808
Mon Jan 24 13:11:36 202,-50.991676,-41.578804,-95.738724,-34.401001,27.433538,-35.473511,-128.963196,97.233246,-63.256126,-32.375607,96.644051,-96.616264,-74.624527,-38.628098,-43.699928,-19.740633,13.363725
Mon Jan 24 13:11:41 202,-53.805473,-50.899750,-112.544472,-39.712429,51.986034,-31.564140,-75.013657,98.958626,-50.437630,-32.343731,101.644379,-97.413589,-90.942871,-40.909267,-42.063702,-25.225193,9.925755
Mon Jan 24 13:11:46 202,-40.944420,-44.123192,-113.301567,-30.374825,11.405448,-33.695377,-76.812881,97.256287,-54.560936,-31.408501,95.781349,-69.415558,-94.113922,-36.129044,-44.590744,-31.582855,81.290169
Mon Jan 24 13:11:51 202,-54.846096,-37.852554,-98.578217,-35.942562,16.436192,-32.315662,-47.019844,97.883003,-38.693245,-31.255821,100.951019,-75.921677,-81.944283,-54.813583,-32.487762,-15.782631,69.091675
Mon Jan 24 13:11:56 202,-59.916832,-57.888149,-136.089661,-39.778294,8.778184,-36.730450,-66.011551,99.915192,-39.191341,-30.001741,98.611183,-46.353043,-76.294708,-47.787266,-39.289951,-17.856813,36.469463
Mon Jan 24 13:12:01 202,-53.330338,-36.640678,-136.210663,-32.727379,67.928688,-28.298183,-46.882420,97.922104,-49.953281,-33.087715,98.332169,-41.324291,-87.404549,-47.893055,-31.390356,-31.268557,6.359124
Mon Jan 24 13:12:06 202,-74.503799,-55.183662,-114.997620,-31.267723,81.317680,-36.149109,-52.475006,95.298996,-36.772369,-31.367216,104.233643,-114.476288,-79.433105,-50.064007,-42.712234,-28.678173,41.230625
Mon Jan 24 13:12:11 202,-78.017944,-60.615372,-108.242958,-33.243404,6.988855,-32.383842,-117.908539,99.958755,-35.628624,-30.390942,100.280785,-82.799591,-86.164726,-45.316772,-38.164486,-34.787659,75.143906
Mon Jan 24 13:12:16 202,-65.931267,-30.192165,-94.109207,-35.381100,97.486504,-35.719975,-77.815231,97.362534,-63.231743,-34.461308,97.761902,-57.158676,-71.300049,-35.184387,-42.220158,-30.340988,29.977518
Mon Jan 24 13:12:21 202,-83.182602,-51.784119,-94.714600,-39.010338,49.535458,-32.822124,-42.262142,96.659584,-42.077461,-34.655933,98.755638,-38.448738,-74.388748,-48.490822,-38.019157,-29.831736,92.674904
Mon Jan 24 13:12:26 202,-56.700264,-60.151127,-111.570351,-31.646544,91.736862,-35.894817,-88.098923,95.468796,-35.158012,-30.592396,96.695923,-43.916096,-89.748924,-42.390015,-37.103245,-30.114456,2.034743
Mon Jan 24 13:14:13 202,-61.696846,-53.267204,-122.103378,-30.477703,79.844002,-32.014271,-72.195389,96.971916,-64.318245,-30.799061,102.830994,-111.822960,-91.666115,-41.650055,-40.833378,-25.452059,91.164742
Mon Jan 24 13:14:18 202,-85.584305,-47.047363,-115.932945,-37.074833,10.880880,-34.335716,-83.916054,97.004723,-59.683449,-34.216606,96.297905,-118.911224,-91.107063,-43.938354,-35.810402,-22.248955,99.892448
Mon Jan 24 13:14:23 202,-69.487801,-33.422714,-90.077293,-31.097673,6.309584,-28.456057,-56.491463,95.100113,-46.164574,-34.679142,99.577019,-120.091980,-70.792877,-49.400021,-43.953671,-24.480093,23.827995
Mon Jan 24 13:14:28 202,-73.403786,-56.986115,-127.536186,-33.600212,88.007523,-28.613483,-64.870697,95.829872,-46.329559,-31.560694,99.401047,-124.337242,-88.080894,-47.642437,-38.435436,-16.383804,82.920113
